{
  "csv": {
    "count": 54704,
    "mass_stats": {
      "count": 54704,
      "mean": 2.664276270473823,
      "std": 107.20726583746104,
      "q0": 0.0002,
      "q10": 0.0002,
      "q25": 0.001,
      "q50": 0.005,
      "q75": 0.02,
      "q90": 0.063,
      "q99": 1.2688,
      "q100": 22600.0,
      "min": 0.0002,
      "max": 22600.0,
      "zeros": 0,
      "min_positive": 0.0002
    },
    "radius_stats": {
      "count": 54704,
      "mean": 0.07944976570269084,
      "std": 0.25728689259822496,
      "q0": 0.005433,
      "q10": 0.0113243,
      "q25": 0.0208425,
      "q50": 0.038947999999999997,
      "q75": 0.068775,
      "q90": 0.125288,
      "q99": 0.63426,
      "q100": 11.488384,
      "min": 0.005433,
      "max": 11.488384,
      "zeros": 0,
      "min_positive": 0.005433
    }
  },
  "matlab": {
    "count": 4062,
    "mass_stats": {
      "count": 4062,
      "mean": 0.0,
      "std": 0.0,
      "q0": 0.0,
      "q10": 0.0,
      "q25": 0.0,
      "q50": 0.0,
      "q75": 0.0,
      "q90": 0.0,
      "q99": 0.0,
      "q100": 0.0,
      "min": 0.0,
      "max": 0.0,
      "zeros": 4062,
      "min_positive": null
    },
    "radius_stats": {
      "count": 4062,
      "mean": 2.4618414574101428e-05,
      "std": 0.0015690256395005607,
      "q0": 0.0,
      "q10": 0.0,
      "q25": 0.0,
      "q50": 0.0,
      "q75": 0.0,
      "q90": 0.0,
      "q99": 0.0,
      "q100": 0.1,
      "min": 0.0,
      "max": 0.1,
      "zeros": 4061,
      "min_positive": 0.1
    }
  }
}